<?xml version="1.0" encoding="UTF-8"?>
<beans xmlns="http://www.springframework.org/schema/beans"
xmlns:xsi="http://www.w3.org/2001/XMLSchema-instance"
xsi:schemaLocation="http://www.springframework.org/schema/beans
    http://www.springframework.org/schema/beans/spring-beans-4.0.xsd">

<bean id="helloWorld"
class=" com.mycompany.springcore.hw.HelloWorld">
<property name="wish" value="Hello World!!" />
<property name="wish2" value="Hello World 2!!"/>
</bean>
<bean id="hiWorld"
class="com.mycompany.springcore.hw.HiWorld">
<property name="wish" value="Hi Ipshita!"/>
</bean>

<bean id="address" class="com.mycompany.springcore.hw.Address">
<property name="city" value="Banglore"/>
<property name="state" value="Karnataka"/>
<property name="street" value="Road no.1"/>
</bean>

<bean id="employee" class="com.mycompany.springcore.hw.Employee">
	<constructor-arg type="int" value="1001"></constructor-arg>
	<constructor-arg type="String" value="Ipshita"></constructor-arg>
</bean>

</beans>
