<?xml version="1.0" encoding="UTF-8"?>
<beans xmlns="http://www.springframework.org/schema/beans"
xmlns:xsi="http://www.w3.org/2001/XMLSchema-instance"
xmlns:context="http://www.springframework.org/schema/context"
xsi:schemaLocation="http://www.springframework.org/schema/beans
    http://www.springframework.org/schema/beans/spring-beans-4.0.xsd
    http://www.springframework.org/schema/context
    http://www.springframework.org/schema/context/spring-context-4.0.xsd">

<context:annotation-config/>
<bean id="payment" class="com.mycompany.springcore.qualifier.pojo.Payment"> </bean>	
<bean id="javaOrder" class="com.mycompany.springcore.qualifier.pojo.Order">
	<property name="item" value="Java Book"/>
	<property name="price" value="Rs. 225"/>
</bean> 

<bean id="oracleOrder" class="com.mycompany.springcore.qualifier.pojo.Order">
	<property name="item" value="Oracle Book"/>
	<property name="price" value="Rs. 325"/>
</bean> 


</beans>

