<?xml version="1.0" encoding="UTF-8"?>
<beans xmlns="http://www.springframework.org/schema/beans"
xmlns:xsi="http://www.w3.org/2001/XMLSchema-instance"
xsi:schemaLocation="http://www.springframework.org/schema/beans
    http://www.springframework.org/schema/beans/spring-beans-4.0.xsd">

<bean id="address" class="com.mycompany.springcore.setterinjection.Address">
<property name="flatNo" value="12"/>
<property name="apartmentName" value="Ajantha Avenue"/>
<property name="area" value="Kothrud"/>
<property name="city" value="Pune"/>
</bean>

<bean id="emp" class="com.mycompany.springcore.setterinjection.Employee">
	<property name="id" value="1001"/>
	<property name="name" value="Ipshita"/>
	<property name="address" ref="address"/>
</bean> 

</beans>
